{"color":{"r":0.9176470588235294,"b":0.9607843137254902,"g":0.9333333333333333,"a":1},"index":0,"category":"Colors"}