{"color":{"r":0.007843137254901961,"b":0.7411764705882353,"g":0.4666666666666667,"a":1},"index":20,"category":"Colors"}