{"color":{"r":0.580392156862745,"b":0.6941176470588235,"g":0.623529411764706,"a":1},"index":4,"category":"Colors"}