{"color":{"r":0.7490196078431373,"b":0.04705882352941176,"g":0.2117647058823529,"a":1},"index":31,"category":"Colors"}