{"color":{"r":0.807843137254902,"b":0.8705882352941177,"g":0.8274509803921568,"a":1},"index":2,"category":"Colors"}