{"index":10,"textStyle":{"fontSize":24,"lineHeight":32,"fontPostscriptName":"SFUIText-Regular","color":{"r":0.1176470588235294,"b":0.1647058823529412,"g":0.1294117647058824,"a":1}},"category":"Text Styles","name":"Caption 1"}