{"color":{"r":1,"b":0.2627450980392157,"g":0.4392156862745098,"a":1},"index":26,"category":"Colors"}