{"color":{"r":0.7019607843137254,"b":0.9882352941176471,"g":0.8980392156862745,"a":1},"index":13,"category":"Colors"}