{"color":{"r":0.5058823529411764,"b":0.9803921568627451,"g":0.8313725490196078,"a":1},"index":14,"category":"Colors"}