{"color":{"r":0.6980392156862745,"b":0.788235294117647,"g":0.7294117647058823,"a":1},"index":3,"category":"Colors"}