{"color":{"r":0.215686274509804,"b":0.3176470588235294,"g":0.2509803921568628,"a":1},"index":9,"category":"Colors"}