{"color":{"r":0.3019607843137255,"b":0.4235294117647059,"g":0.3490196078431372,"a":1},"index":8,"category":"Colors"}