{"color":{"r":0.1176470588235294,"b":0.1647058823529412,"g":0.1294117647058824,"a":1},"index":11,"category":"Colors"}