{"color":{"r":0.4941176470588236,"b":0.6235294117647059,"g":0.5450980392156862,"a":1},"index":5,"category":"Colors"}