{"color":{"r":1,"b":0.396078431372549,"g":0.5411764705882353,"a":1},"index":25,"category":"Colors"}