{"color":{"r":0.1607843137254902,"b":0.9647058823529412,"g":0.7137254901960784,"a":1},"index":16,"category":"Colors"}