{"index":2,"textStyle":{"fontSize":56,"lineHeight":68,"fontPostscriptName":"SFUIDisplay-Light","color":{"r":0.1176470588235294,"b":0.1647058823529412,"g":0.1294117647058824,"a":1}},"category":"Text Styles","name":"Title 1"}