{"color":{"r":0.8784313725490196,"b":0.9294117647058824,"g":0.8941176470588235,"a":1},"index":1,"category":"Colors"}