{"color":{"r":0.01176470588235294,"b":0.8980392156862745,"g":0.6078431372549019,"a":1},"index":18,"category":"Colors"}