{"color":{"r":0.00392156862745098,"b":0.6078431372549019,"g":0.3411764705882353,"a":1},"index":21,"category":"Colors"}