{"color":{"r":0.01176470588235294,"b":0.9568627450980391,"g":0.6627450980392157,"a":1},"index":17,"category":"Colors"}