{"color":{"r":0.8470588235294118,"b":0.08235294117647059,"g":0.2627450980392157,"a":1},"index":30,"category":"Colors"}