{"color":{"r":0.007843137254901961,"b":0.8196078431372549,"g":0.5333333333333333,"a":1},"index":19,"category":"Colors"}