{"color":{"r":0.3098039215686275,"b":0.9686274509803922,"g":0.7647058823529411,"a":1},"index":15,"category":"Colors"}