{"color":{"r":1,"b":0.5686274509803921,"g":0.6705882352941176,"a":1},"index":24,"category":"Colors"}