{"color":{"r":0.1647058823529412,"b":0.2392156862745098,"g":0.1882352941176471,"a":1},"index":10,"category":"Colors"}