{"color":{"r":0.984313725490196,"b":0.9058823529411765,"g":0.9137254901960784,"a":1},"index":22,"category":"Colors"}