{"color":{"r":0.3607843137254902,"b":0.4980392156862745,"g":0.4196078431372549,"a":1},"index":7,"category":"Colors"}