{"color":{"r":0.9568627450980391,"b":0.1176470588235294,"g":0.3176470588235294,"a":1},"index":28,"category":"Colors"}