{"color":{"r":0.9019607843137255,"b":0.09803921568627451,"g":0.2901960784313725,"a":1},"index":29,"category":"Colors"}