{"color":{"r":0.8823529411764706,"b":0.996078431372549,"g":0.9607843137254902,"a":1},"index":12,"category":"Colors"}