{"color":{"r":0.407843137254902,"b":0.5529411764705883,"g":0.4705882352941177,"a":1},"index":6,"category":"Colors"}